Iberia,UK
62.383478927060004,39.9099185781759
69.79685532721999,44.67643438156794
