Iberia,Northern
44.85514083108655,246.59384470298335
64.96848649554143,286.1356773804736
